user_id,
2230774023706742,
2230774023706744,
2230774023706743,
2102691713186732,
2230774023706742,
2230774023706743,
2230774023706744,
2230774023706745,
2230774023706746,
2230774023706747,
2230774023706748,
2230774023706749,
2230774023706750,
2230774023706751,
2230774023706752,
2230774023706753,
2230774023706754,
2230774023706755,
2230774023706756,
2230774023706757,
2230774023706758,
2230774023706759,
2230774023706760,
2230774023706761,
2230774023706762,
2230774023706763,
2230774023706764,
2230774023706765,
2230774023706766,
2230774023706767,
2230774023706768,
2230774023706769,
2230774023706770,
2230774023706771,
2230774023706772,
2230774023706773,
2230774023706774,
2230774023706775,
2230774023706776,
2230774023706777,
2230774023706778,
2230774023706779,
2230774023706780,
2230774023706781,
2230774023706782,
2230774023706783,
2230774023706784,
2230774023706785,
2230774023706786,
2230774023706787,
2230774023706788,
2230774023706789,
2230774023706790,
2230774023706791,
2230774023706792,
2230774023706793,
2230774023706794,
2230774023706795,
2230774023706796,
2230774023706797,
2230774023706798,
2230774023706799,
2230774023706800,
2230774023706801,
2230774023706802,
2230774023706803,
2230774023706804,
2230774023706805,
2230774023706806,
2230774023706807,
2230774023706808,
2230774023706809,
2230774023706810,
2230774023706811,
2230774023706812,
2230774023706813,
2230774023706814,
2230774023706815,
2230774023706816,
2230774023706817,
2230774023706818,
2230774023706819,
2230774023706820,
2230774023706821,
2230774023706822,
2230774023706823,
2230774023706824,
2230774023706825,
2230774023706826,
2230774023706827,
2230774023706828,
2230774023706829,
2230774023706830,
2230774023706831,
2230774023706832,
2230774023706833,
2230774023706834,
2230774023706835,
2230774023706836,

